anio,hogar,ingreso,personas_hogar,departamento,ingreso_per_capita,quintil
2010,25717,28733.3333333333,1,1,28733.3333333333,5
2010,65906,83685.5,3,1,27895.166666666668,5
2010,3362,61000.0,1,1,61000.0,5
2010,48536,42405.0,1,1,42405.0,5
2010,53563,138521.0,4,1,34630.25,5
2010,56354,30183.3333333333,1,1,30183.3333333333,5
2010,28708,32035.0,1,1,32035.0,5
2010,15889,28000.0,1,1,28000.0,5
2010,59984,74661.0,2,1,37330.5,5
2010,32655,147666.666666667,4,1,36916.66666666675,5
2010,8435,1037997.16666667,5,1,207599.433333334,5
2010,58911,100158.166666667,3,1,33386.05555555567,5
2010,12578,31330.5,1,1,31330.5,5
2010,65547,38330.5,1,1,38330.5,5
2010,45403,28330.5,1,1,28330.5,5
2010,18924,139319.166666667,5,1,27863.8333333334,5
2010,56584,30613.8333333333,1,1,30613.8333333333,5
2010,7970,126991.5,3,1,42330.5,5
2010,67557,89230.5,3,1,29743.5,5
2010,32170,31821.6666666667,1,1,31821.6666666667,5
2010,20357,62680.5,2,1,31340.25,5
2010,46199,41917.1666666667,1,1,41917.1666666667,5
2010,24239,105970.333333333,3,1,35323.44444444433,5
2010,59926,130911.0,3,1,43637.0,5
2010,9635,64156.6666666667,1,1,64156.6666666667,5
2010,66976,37200.0,1,3,37200.0,5
2010,63113,29330.5,1,3,29330.5,5
2010,12372,110745.5,3,5,36915.166666666664,5
2010,39054,38333.3333333333,1,5,38333.3333333333,5
2010,16677,162007.0,3,6,54002.333333333336,5
2010,54746,64661.0,2,6,32330.5,5
2010,57861,108766.666666667,2,9,54383.3333333335,5
2010,66096,32188.1666666667,1,10,32188.1666666667,5
2010,22925,114640.0,2,11,57320.0,5
2010,7831,120648.5,2,12,60324.25,5
2010,1350,161814.166666667,5,14,32362.8333333334,5
2010,13229,101500.0,1,17,101500.0,5
2010,54341,29966.5,1,18,29966.5,5
2011,2011008422,197024.333333333,2,1,98512.1666666665,5
2011,2011044368,118935.533333333,3,1,39645.177777777666,5
2011,2011065518,61080.5,1,1,61080.5,5
2011,2011054215,29344.75,1,1,29344.75,5
2011,2011061803,149679.0,4,1,37419.75,5
2011,2011059358,159576.46,3,1,53192.15333333333,5
2011,2011033487,131975.02,3,1,43991.67333333333,5
2011,2011063004,224084.496666667,6,1,37347.41611111117,5
2011,2011038697,151498.166666667,4,1,37874.54166666675,5
2011,2011009377,30344.75,1,1,30344.75,5
2011,2011028103,116942.0,4,1,29235.5,5
2011,2011022764,46000.0,1,1,46000.0,5
2011,2011006889,28000.0,1,1,28000.0,5
2011,2011008797,38000.0,1,1,38000.0,5
2011,2011028668,91189.6,3,1,30396.533333333336,5
2011,2011004327,333425.11,7,1,47632.15857142857,5
2011,2011009613,52855.97,1,1,52855.97,5
2011,2011022304,29700.0,1,1,29700.0,5
2011,2011011585,28545.0,1,1,28545.0,5
2011,2011007507,119926.08,3,1,39975.36,5
2011,2011055705,101870.25,3,1,33956.75,5
2011,2011055557,50000.0,1,1,50000.0,5
2011,2011044165,54155.97,1,1,54155.97,5
2011,2011012545,33394.8,1,1,33394.8,5
2011,2011012064,120729.716666667,4,1,30182.42916666675,5
2011,2011069582,72373.75,2,1,36186.875,5
2011,2011033906,88333.3333333333,1,1,88333.3333333333,5
2011,2011029716,31915.36,1,1,31915.36,5
2011,2011043846,157137.0,5,1,31427.4,5
2011,2011030617,152007.4,1,1,152007.4,5
2011,2011005369,34330.5,1,1,34330.5,5
2011,2011006100,722689.5,5,1,144537.9,5
2011,2011046245,42334.78,1,1,42334.78,5
2011,2011040151,52001.8333333333,1,1,52001.8333333333,5
2011,2011001737,31000.0,1,1,31000.0,5
2011,2011040629,152002.083333333,3,1,50667.361111111,5
2011,2011023061,56367.4,1,1,56367.4,5
2011,2011051768,36567.34,1,3,36567.34,5
2011,2011028527,42231.13,1,3,42231.13,5
2011,2011013439,32000.0,1,3,32000.0,5
2011,2011024982,36450.13,1,4,36450.13,5
2011,2011065716,35653.0,1,5,35653.0,5
2011,2011033868,56287.8,2,5,28143.9,5
2011,2011046648,60109.36,2,7,30054.68,5
2011,2011041582,74002.34,2,8,37001.17,5
2011,2011059968,55098.5,2,11,27549.25,5
2011,2011066321,33500.0,1,14,33500.0,5
2011,2011010911,132484.24,4,15,33121.06,5
2011,2011002250,65000.0,2,17,32500.0,5
2011,2011054506,123574.5,2,17,61787.25,5
2011,2011005446,296012.376666667,4,17,74003.09416666675,5
2011,2011058522,144218.78,3,18,48072.926666666666,5
2012,2012033517,111605.286666667,1,1,111605.286666667,5
2012,2012045860,67927.87,1,1,67927.87,5
2012,2012018685,75832.57,2,1,37916.285,5
2012,2012009924,61912.89,1,1,61912.89,5
2012,2012015222,108116.943333333,3,1,36038.981111110996,5
2012,2012008486,43000.0,1,1,43000.0,5
2012,2012033031,84661.22,2,1,42330.61,5
2012,2012039530,31927.87,1,1,31927.87,5
2012,2012019293,36967.87,1,1,36967.87,5
2012,2012013925,60427.87,2,1,30213.935,5
2012,2012027429,29427.87,1,1,29427.87,5
2012,2012010952,94000.0,2,1,47000.0,5
2012,2012032829,109305.74,3,1,36435.246666666666,5
2012,2012025702,123333.333333333,1,1,123333.333333333,5
2012,2012000304,47397.05,1,1,47397.05,5
2012,2012007050,65294.57,2,1,32647.285,5
2012,2012050359,76000.0,2,1,38000.0,5
2012,2012037979,33511.78,1,1,33511.78,5
2012,2012033639,63580.61,1,1,63580.61,5
2012,2012003359,85394.1,2,1,42697.05,5
2012,2012031264,51300.0,1,1,51300.0,5
2012,2012045465,96427.87,1,1,96427.87,5
2012,2012021788,45651.87,1,1,45651.87,5
2012,2012011535,75672.12,2,1,37836.06,5
2012,2012047744,84580.61,1,1,84580.61,5
2012,2012016249,60865.74,2,1,30432.87,5
2012,2012033857,166407.87,2,1,83203.935,5
2012,2012040705,61789.0733333333,2,1,30894.53666666665,5
2012,2012008939,178102.726666667,4,1,44525.68166666675,5
2012,2012009318,76607.12,2,1,38303.56,5
2012,2012032535,136305.74,3,1,45435.246666666666,5
2012,2012013753,93127.87,3,1,31042.623333333333,5
2012,2012049917,41427.87,1,1,41427.87,5
2012,2012000934,178921.533333333,5,1,35784.3066666666,5
2012,2012017172,53427.87,1,1,53427.87,5
2012,2012031052,82014.5,1,1,82014.5,5
2012,2012013445,60000.0,2,1,30000.0,5
2012,2012031336,58027.87,1,1,58027.87,5
2012,2012029374,57423.56,2,1,28711.78,5
2012,2012036760,113953.066666667,2,3,56976.5333333335,5
2012,2012001721,54927.66,2,3,27463.83,5
2012,2012028741,68392.52,2,3,34196.26,5
2012,2012019456,143343.16,2,3,71671.58,5
2012,2012000248,30000.0,1,3,30000.0,5
2012,2012022714,48000.0,1,3,48000.0,5
2012,2012014301,105974.94,2,5,52987.47,5
2012,2012047076,59333.3333333333,1,8,59333.3333333333,5
2012,2012012147,34532.47,1,10,34532.47,5
2012,2012001155,119441.49,3,10,39813.83,5
2012,2012025798,87992.0,2,10,43996.0,5
2012,2012018303,83129.47,2,15,41564.735,5
2012,2012040090,55696.26,1,15,55696.26,5
2012,2012026059,32000.0,1,17,32000.0,5
2013,2013013262,100874.666666667,3,1,33624.888888889,5
2013,2013026944,58986.82,1,1,58986.82,5
2013,2013050932,30608.0,1,1,30608.0,5
2013,2013015214,85432.92,2,1,42716.46,5
2013,2013044550,58940.26,2,1,29470.13,5
2013,2013028532,116177.76,3,1,38725.92,5
2013,2013005962,443333.333333333,2,1,221666.6666666665,5
2013,2013003825,110398.68,4,1,27599.67,5
2013,2013006899,30586.82,1,1,30586.82,5
2013,2013033535,60172.0,2,1,30086.0,5
2013,2013035676,61586.0,2,1,30793.0,5
2013,2013039385,183172.0,2,1,91586.0,5
2013,2013024852,117731.82,3,1,39243.94,5
2013,2013017517,71166.6666666667,2,1,35583.33333333335,5
2013,2013019952,119056.13,1,1,119056.13,5
2013,2013003969,27586.82,1,1,27586.82,5
2013,2013034902,62947.04,1,1,62947.04,5
2013,2013002210,126222.68,4,1,31555.67,5
2013,2013014489,101920.153333333,1,1,101920.153333333,5
2013,2013031428,77586.0,1,1,77586.0,5
2013,2013009503,56567.64,2,1,28283.82,5
2013,2013042809,204181.12,3,1,68060.37333333334,5
2013,2013036421,82758.0,3,1,27586.0,5
2013,2013018385,31586.82,1,1,31586.82,5
2013,2013050751,178069.5,6,1,29678.25,5
2013,2013035955,82986.0,2,1,41493.0,5
2013,2013002632,179701.006666667,4,1,44925.25166666675,5
2013,2013007107,193680.97,4,1,48420.2425,5
2013,2013022054,56960.24,1,1,56960.24,5
2013,2013019068,30093.0,1,1,30093.0,5
2013,2013033223,33828.0,1,1,33828.0,5
2013,2013049075,208599.0,3,1,69533.0,5
2013,2013038337,55996.0,1,1,55996.0,5
2013,2013008569,59124.15,2,1,29562.075,5
2013,2013023559,137930.0,5,1,27586.0,5
2013,2013048990,27740.91,1,1,27740.91,5
2013,2013015616,60000.0,1,1,60000.0,5
2013,2013001865,68198.64,2,1,34099.32,5
2013,2013031163,117074.56,4,1,29268.64,5
2013,2013021919,51104.32,1,1,51104.32,5
2013,2013040064,62371.08,2,1,31185.54,5
2013,2013002156,28315.55,1,2,28315.55,5
2013,2013043939,29638.0,1,3,29638.0,5
2013,2013035915,63463.4166666667,2,3,31731.70833333335,5
2013,2013016369,56511.44,2,3,28255.72,5
2013,2013041750,109663.0,1,3,109663.0,5
2013,2013020323,43000.0,1,3,43000.0,5
2013,2013020094,55239.0,2,3,27619.5,5
2013,2013024355,41607.0,1,3,41607.0,5
2013,2013044778,28802.86,1,4,28802.86,5
2013,2013002448,110429.4,4,5,27607.35,5
2013,2013012764,36607.35,1,5,36607.35,5
2013,2013010491,34607.35,1,7,34607.35,5
2013,2013052070,41796.75,1,10,41796.75,5
2013,2013020792,55593.5,2,11,27796.75,5
2013,2013002391,31607.35,1,11,31607.35,5
2013,2013038160,59896.75,1,13,59896.75,5
2013,2013018909,119972.386666667,2,14,59986.1933333335,5
2013,2013027921,29237.94,1,14,29237.94,5
2013,2013018518,61404.75,2,14,30702.375,5
2013,2013011980,48929.55,1,15,48929.55,5
2013,2013035706,59840.0,1,15,59840.0,5
2013,2013044881,45707.35,1,18,45707.35,5
2013,2013048953,59909.2133333333,2,19,29954.60666666665,5
2014,2014014915,35601.0,1,1,35601.0,5
2014,2014023122,63902.0,2,1,31951.0,5
2014,2014003034,29033.0,1,1,29033.0,5
2014,2014026652,30732.0,1,1,30732.0,5
2014,2014026623,98784.0,2,1,49392.0,5
2014,2014045769,64500.0,2,1,32250.0,5
2014,2014005654,215934.333333333,2,1,107967.1666666665,5
2014,2014049825,56622.0,2,1,28311.0,5
2014,2014029959,153464.0,2,1,76732.0,5
2014,2014029819,57702.0,2,1,28851.0,5
2014,2014037271,37601.0,1,1,37601.0,5
2014,2014030407,33101.0,1,1,33101.0,5
2014,2014029244,76666.6666666667,1,1,76666.6666666667,5
2014,2014010025,62000.0,1,1,62000.0,5
2014,2014000168,110434.0,2,1,55217.0,5
2014,2014023431,55954.0,2,1,27977.0,5
2014,2014018291,35000.0,1,1,35000.0,5
2014,2014016801,50732.0,1,1,50732.0,5
2014,2014052211,60726.0,1,1,60726.0,5
2014,2014014021,49865.0,1,1,49865.0,5
2014,2014042817,202961.333333333,4,1,50740.33333333325,5
2014,2014033092,151709.666666667,3,1,50569.888888889,5
2014,2014053076,40750.0,1,1,40750.0,5
2014,2014018387,68600.6666666667,2,1,34300.33333333335,5
2014,2014044774,136928.0,4,1,34232.0,5
2014,2014032583,150108.0,3,1,50036.0,5
2014,2014024225,145464.0,2,1,72732.0,5
2014,2014022425,62501.0,1,1,62501.0,5
2014,2014042490,40301.0,1,1,40301.0,5
2014,2014031845,41601.0,1,1,41601.0,5
2014,2014053055,41027.0,1,1,41027.0,5
2014,2014001210,58472.0,2,1,29236.0,5
2014,2014011459,42026.0,1,1,42026.0,5
2014,2014030667,29751.0,1,1,29751.0,5
2014,2014002337,172191.333333333,4,1,43047.83333333325,5
2014,2014002873,114868.666666667,2,1,57434.3333333335,5
2014,2014049134,62099.3333333333,1,1,62099.3333333333,5
2014,2014002098,83028.0,2,1,41514.0,5
2014,2014050041,45000.0,1,1,45000.0,5
2014,2014045293,69772.0,2,1,34886.0,5
2014,2014040826,41408.6666666667,1,1,41408.6666666667,5
2014,2014026968,38408.6666666667,1,1,38408.6666666667,5
2014,2014016673,91803.0,3,1,30601.0,5
2014,2014010270,65085.3333333333,2,1,32542.66666666665,5
2014,2014031686,38778.0,1,1,38778.0,5
2014,2014036950,32107.0,1,1,32107.0,5
2014,2014035494,38736.0,1,1,38736.0,5
2014,2014045919,117454.0,3,1,39151.333333333336,5
2014,2014028054,85502.0,2,1,42751.0,5
2014,2014042348,40242.0,1,1,40242.0,5
2014,2014038655,40736.0,1,1,40736.0,5
2014,2014048799,82290.0,3,1,27430.0,5
2014,2014052112,57732.0,2,1,28866.0,5
2014,2014038890,224574.666666667,6,1,37429.11111111117,5
2014,2014028662,115469.666666667,3,1,38489.888888889,5
2014,2014017661,28332.0,1,1,28332.0,5
2014,2014023179,130833.333333333,3,1,43611.111111111,5
2014,2014039043,218458.666666667,6,1,36409.77777777783,5
2014,2014049280,88700.0,2,1,44350.0,5
2014,2014040946,119604.0,3,1,39868.0,5
2014,2014033387,57781.0,2,3,28890.5,5
2014,2014007368,118664.333333333,4,3,29666.08333333325,5
2014,2014022729,44170.0,1,3,44170.0,5
2014,2014001702,147758.0,3,3,49252.666666666664,5
2014,2014052648,27602.0,1,3,27602.0,5
2014,2014043313,74828.0,2,3,37414.0,5
2014,2014042365,42328.0,1,3,42328.0,5
2014,2014050229,29600.0,1,3,29600.0,5
2014,2014025782,27820.0,1,3,27820.0,5
2014,2014010873,51270.0,1,4,51270.0,5
2014,2014023049,90333.3333333333,1,5,90333.3333333333,5
2014,2014030400,39519.0,1,5,39519.0,5
2014,2014030951,71330.0,2,5,35665.0,5
2014,2014008334,66906.0,2,5,33453.0,5
2014,2014016904,71604.0,2,5,35802.0,5
2014,2014047460,38828.0,1,7,38828.0,5
2014,2014048764,37343.0,1,9,37343.0,5
2014,2014037995,90042.3333333333,3,10,30014.1111111111,5
2014,2014007723,89270.52,3,10,29756.84,5
2014,2014021787,113510.0,4,10,28377.5,5
2014,2014032846,47323.0,1,11,47323.0,5
2014,2014014233,59618.0,2,11,29809.0,5
2014,2014031376,74129.0,2,11,37064.5,5
2014,2014043893,31657.0,1,13,31657.0,5
2014,2014004252,102993.333333333,1,13,102993.333333333,5
2014,2014015358,49809.0,1,13,49809.0,5
2014,2014052508,109829.02,4,14,27457.255,5
2014,2014041103,137245.333333333,2,14,68622.6666666665,5
2014,2014031082,126256.0,3,15,42085.333333333336,5
2014,2014038583,98206.0,3,16,32735.333333333332,5
2014,2014045194,33302.0,1,16,33302.0,5
2014,2014013022,59376.0,2,17,29688.0,5
2014,2014035969,34040.75,1,18,34040.75,5
2014,2014051007,131116.0,4,19,32779.0,5
2015,2015043009,73096.0,2,1,36548.0,5
2015,2015044807,64553.0,2,1,32276.5,5
2015,2015038470,113719.666666667,1,1,113719.666666667,5
2015,2015020452,27553.0,1,1,27553.0,5
2015,2015026118,63054.0,1,1,63054.0,5
2015,2015014067,192837.0,4,1,48209.25,5
2015,2015004581,109092.0,2,1,54546.0,5
2015,2015038870,34054.0,1,1,34054.0,5
2015,2015050035,148478.0,3,1,49492.666666666664,5
2015,2015000794,36554.0,1,1,36554.0,5
2015,2015035599,104506.666666667,2,1,52253.3333333335,5
2015,2015002888,90774.6666666667,2,1,45387.33333333335,5
2015,2015018159,190758.666666667,2,1,95379.3333333335,5
2015,2015000346,42546.0,1,1,42546.0,5
2015,2015008280,71106.0,2,1,35553.0,5
2015,2015011175,34810.0,1,1,34810.0,5
2015,2015026484,33546.0,1,1,33546.0,5
2015,2015014797,102022.666666667,2,1,51011.3333333335,5
2015,2015009650,150242.0,2,1,75121.0,5
2015,2015032320,85108.0,2,1,42554.0,5
2015,2015039000,54846.0,2,1,27423.0,5
2015,2015037894,62553.0,1,1,62553.0,5
2015,2015032980,41246.0,1,1,41246.0,5
2015,2015043788,44553.0,1,1,44553.0,5
2015,2015028308,181441.333333333,2,1,90720.6666666665,5
2015,2015010396,52454.0,1,1,52454.0,5
2015,2015021721,75746.0,2,1,37873.0,5
2015,2015049532,34054.0,1,1,34054.0,5
2015,2015028318,131548.0,4,1,32887.0,5
2015,2015023210,43046.0,1,1,43046.0,5
2015,2015008398,54000.0,1,1,54000.0,5
2015,2015011559,212412.0,3,1,70804.0,5
2015,2015012543,35665.0,1,1,35665.0,5
2015,2015043382,329216.0,4,1,82304.0,5
2015,2015037003,47146.0,1,1,47146.0,5
2015,2015014235,38154.0,1,1,38154.0,5
2015,2015025019,100638.0,3,1,33546.0,5
2015,2015000353,73330.0,2,1,36665.0,5
2015,2015028385,58546.0,2,1,29273.0,5
2015,2015010138,337675.333333333,3,1,112558.44444444434,5
2015,2015029424,40769.6666666667,1,1,40769.6666666667,5
2015,2015048957,85144.0,3,1,28381.333333333332,5
2015,2015021969,90304.6666666667,3,1,30101.555555555566,5
2015,2015017884,189842.0,3,1,63280.666666666664,5
2015,2015004332,67806.0,2,1,33903.0,5
2015,2015030403,42446.0,1,1,42446.0,5
2015,2015038652,49654.0,1,1,49654.0,5
2015,2015021346,77448.0,1,1,77448.0,5
2015,2015009551,41546.0,1,1,41546.0,5
2015,2015012629,45000.0,1,1,45000.0,5
2015,2015007087,62906.0,2,1,31453.0,5
2015,2015024652,42253.0,1,1,42253.0,5
2015,2015002530,146292.0,3,1,48764.0,5
2015,2015017529,63106.0,2,1,31553.0,5
2015,2015013167,66448.0,1,1,66448.0,5
2015,2015041636,66724.6666666667,2,1,33362.33333333335,5
2015,2015001014,51653.6666666667,1,3,51653.6666666667,5
2015,2015023352,120208.0,2,3,60104.0,5
2015,2015009936,119887.0,3,3,39962.333333333336,5
2015,2015005495,69604.0,1,3,69604.0,5
2015,2015020290,62192.0,2,3,31096.0,5
2015,2015020039,57000.0,2,3,28500.0,5
2015,2015043478,94117.0,2,3,47058.5,5
2015,2015044201,78596.0,1,3,78596.0,5
2015,2015046333,58604.0,1,4,58604.0,5
2015,2015036662,36604.0,1,5,36604.0,5
2015,2015046527,233507.333333333,4,7,58376.83333333325,5
2015,2015026475,38887.0,1,8,38887.0,5
2015,2015016138,35596.0,1,9,35596.0,5
2015,2015044839,92956.0,3,10,30985.333333333332,5
2015,2015036839,34034.0,1,10,34034.0,5
2015,2015035592,32000.0,1,10,32000.0,5
2015,2015019213,42596.0,1,10,42596.0,5
2015,2015014309,31604.0,1,10,31604.0,5
2015,2015032964,75008.0,2,10,37504.0,5
2015,2015043338,35596.0,1,11,35596.0,5
2015,2015020142,53878.6666666667,1,11,53878.6666666667,5
2015,2015018874,27604.0,1,12,27604.0,5
2015,2015012399,32204.0,1,14,32204.0,5
2015,2015037632,27696.0,1,14,27696.0,5
2015,2015027763,46612.0,1,14,46612.0,5
2015,2015002230,30104.0,1,14,30104.0,5
2015,2015044273,82338.6666666667,3,14,27446.222222222234,5
2015,2015040040,51204.0,1,14,51204.0,5
2015,2015006080,81008.0,2,15,40504.0,5
2015,2015018352,66208.0,2,16,33104.0,5
2015,2015048060,150604.0,2,17,75302.0,5
2015,2015022768,80000.0,1,17,80000.0,5
2015,2015027462,28496.0,1,17,28496.0,5
2015,2015035021,150445.333333333,3,17,50148.44444444433,5
2015,2015047452,272532.666666667,4,17,68133.16666666674,5
2015,2015045542,84791.5,3,19,28263.833333333332,5
2016,2016009535,73943.3333333333,2,1,36971.66666666665,5
2016,2016019066,34617.0,1,1,34617.0,5
2016,2016021437,93446.0,2,1,46723.0,5
2016,2016022634,65476.0,1,1,65476.0,5
2016,2016014082,87608.0,1,1,87608.0,5
2016,2016010254,93446.0,2,1,46723.0,5
2016,2016014277,65416.0,2,1,32708.0,5
2016,2016029420,32514.0,1,1,32514.0,5
2016,2016027997,157904.0,4,1,39476.0,5
2016,2016013064,40518.0,1,1,40518.0,5
2016,2016042682,154882.666666667,2,1,77441.3333333335,5
2016,2016000374,36539.0,1,1,36539.0,5
2016,2016003966,29769.0,1,1,29769.0,5
2016,2016031134,55150.0,2,1,27575.0,5
2016,2016040782,96207.3333333333,3,1,32069.1111111111,5
2016,2016040911,60438.0,2,1,30219.0,5
2016,2016019849,89514.0,1,1,89514.0,5
2016,2016013830,99560.0,3,1,33186.666666666664,5
2016,2016010549,74229.6666666667,1,1,74229.6666666667,5
2016,2016035837,74274.0,2,1,37137.0,5
2016,2016020862,43000.0,1,1,43000.0,5
2016,2016050110,123891.0,2,1,61945.5,5
2016,2016023366,30769.0,1,1,30769.0,5
2016,2016020469,60082.6666666667,2,1,30041.33333333335,5
2016,2016002924,35223.0,1,1,35223.0,5
2016,2016014851,103952.0,2,1,51976.0,5
2016,2016047017,99000.0,1,1,99000.0,5
2016,2016014274,114900.666666667,2,1,57450.3333333335,5
2016,2016043565,28726.0,1,1,28726.0,5
2016,2016010361,78502.0,2,1,39251.0,5
2016,2016036165,83360.0,2,1,41680.0,5
2016,2016008418,114740.0,4,1,28685.0,5
2016,2016012241,79580.0,1,1,79580.0,5
2016,2016033187,89783.6666666667,3,1,29927.8888888889,5
2016,2016003000,223236.0,2,1,111618.0,5
2016,2016034182,123141.333333333,1,1,123141.333333333,5
2016,2016044087,403221.0,4,1,100805.25,5
2016,2016025802,45208.0,1,1,45208.0,5
2016,2016050839,36769.0,1,1,36769.0,5
2016,2016039853,85740.0,3,1,28580.0,5
2016,2016012064,112678.0,3,1,37559.333333333336,5
2016,2016010362,29769.0,1,1,29769.0,5
2016,2016012567,89752.0,2,1,44876.0,5
2016,2016016339,88968.6666666667,2,1,44484.33333333335,5
2016,2016003656,106385.333333333,3,1,35461.777777777665,5
2016,2016007846,27856.0,1,1,27856.0,5
2016,2016003960,86216.0,2,1,43108.0,5
2016,2016012506,59654.6666666667,1,1,59654.6666666667,5
2016,2016032501,149135.333333333,3,1,49711.777777777665,5
2016,2016036184,161378.0,4,1,40344.5,5
2016,2016005959,134820.666666667,4,1,33705.16666666675,5
2016,2016013954,112524.0,3,1,37508.0,5
2016,2016008856,253821.333333333,2,1,126910.6666666665,5
2016,2016039577,94716.0,2,1,47358.0,5
2016,2016050584,55560.6666666667,1,1,55560.6666666667,5
2016,2016021933,172256.0,4,1,43064.0,5
2016,2016003292,242552.0,2,1,121276.0,5
2016,2016024305,202845.0,5,1,40569.0,5
2016,2016051760,56169.0,1,1,56169.0,5
2016,2016034475,28726.0,1,1,28726.0,5
2016,2016041083,93726.0,3,1,31242.0,5
2016,2016042286,30076.0,1,1,30076.0,5
2016,2016025498,36346.0,1,1,36346.0,5
2016,2016051261,45726.0,1,1,45726.0,5
2016,2016021570,58751.0,1,1,58751.0,5
2016,2016012759,65832.0,1,1,65832.0,5
2016,2016010417,114618.0,1,1,114618.0,5
2016,2016041858,225428.0,4,1,56357.0,5
2016,2016013381,121841.5,4,1,30460.375,5
2016,2016041555,41751.0,1,1,41751.0,5
2016,2016014890,49859.3333333333,1,1,49859.3333333333,5
2016,2016019036,132552.0,2,1,66276.0,5
2016,2016044624,152392.666666667,2,1,76196.3333333335,5
2016,2016050719,37763.0,1,1,37763.0,5
2016,2016028621,55038.0,2,1,27519.0,5
2016,2016036358,41580.0,1,1,41580.0,5
2016,2016010319,34617.0,1,1,34617.0,5
2016,2016000270,113452.0,2,1,56726.0,5
2016,2016026026,32526.0,1,1,32526.0,5
2016,2016012274,82530.0,1,3,82530.0,5
2016,2016029999,109145.0,2,3,54572.5,5
2016,2016016592,76712.6666666667,2,3,38356.33333333335,5
2016,2016051190,88283.8333333333,2,3,44141.91666666665,5
2016,2016012946,67550.0,2,3,33775.0,5
2016,2016042604,117240.0,4,3,29310.0,5
2016,2016023781,89096.0,2,3,44548.0,5
2016,2016004632,50898.0,1,3,50898.0,5
2016,2016006566,28748.0,1,3,28748.0,5
2016,2016034240,39752.3333333333,1,3,39752.3333333333,5
2016,2016051554,185540.666666667,4,3,46385.16666666675,5
2016,2016044684,140390.0,3,3,46796.666666666664,5
2016,2016041079,60862.0,2,3,30431.0,5
2016,2016012143,61826.0,2,3,30913.0,5
2016,2016040723,55362.0,2,3,27681.0,5
2016,2016001408,60770.6666666667,2,3,30385.33333333335,5
2016,2016036389,94244.0,3,3,31414.666666666668,5
2016,2016029136,88496.0,3,3,29498.666666666668,5
2016,2016040338,60496.0,2,3,30248.0,5
2016,2016001849,168849.0,2,3,84424.5,5
2016,2016013200,138190.0,4,3,34547.5,5
2016,2016013246,35850.0,1,5,35850.0,5
2016,2016018434,59606.0,2,5,29803.0,5
2016,2016024638,103844.833333333,1,6,103844.833333333,5
2016,2016005932,78748.0,1,6,78748.0,5
2016,2016008319,170985.666666667,3,7,56995.222222222335,5
2016,2016013690,104490.0,2,7,52245.0,5
2016,2016018764,76329.6666666667,2,8,38164.83333333335,5
2016,2016023105,65991.0,2,8,32995.5,5
2016,2016004117,38640.0,1,8,38640.0,5
2016,2016024665,111890.0,3,10,37296.666666666664,5
2016,2016043715,85674.0,2,10,42837.0,5
2016,2016004497,163744.0,3,10,54581.333333333336,5
2016,2016020005,29083.3333333333,1,10,29083.3333333333,5
2016,2016042904,173680.0,2,10,86840.0,5
2016,2016051145,80546.0,2,10,40273.0,5
2016,2016051621,93546.0,2,11,46773.0,5
2016,2016017449,49373.0,1,12,49373.0,5
2016,2016018656,29099.0,1,13,29099.0,5
2016,2016004690,46307.0,1,13,46307.0,5
2016,2016030831,83120.0,3,13,27706.666666666668,5
2016,2016007400,65748.0,2,13,32874.0,5
2016,2016022551,79046.0,2,14,39523.0,5
2016,2016009255,82075.6666666667,2,15,41037.83333333335,5
2016,2016014226,139347.0,2,16,69673.5,5
2016,2016007250,32978.3333333333,1,16,32978.3333333333,5
2016,2016031527,27669.0,1,16,27669.0,5
2016,2016045417,31669.0,1,16,31669.0,5
2016,2016038330,109010.0,2,16,54505.0,5
2016,2016019445,67395.0,1,16,67395.0,5
2016,2016040405,108260.0,3,16,36086.666666666664,5
2016,2016019807,28073.0,1,17,28073.0,5
2016,2016048652,61908.0,1,17,61908.0,5
2016,2016002368,32567.0,1,17,32567.0,5
2016,2016015795,65746.0,2,17,32873.0,5
2016,2016050488,209244.0,4,18,52311.0,5
2016,2016033261,78717.0,2,18,39358.5,5
2016,2016029747,64767.0,1,19,64767.0,5
2016,2016039311,55870.0,1,19,55870.0,5
2016,2016005975,31481.0,1,19,31481.0,5
2017,2017054850,42777.0,1,1,42777.0,5
2017,2017013005,61078.0,1,1,61078.0,5
2017,2017044729,129375.0,2,1,64687.5,5
2017,2017052724,63958.0,1,1,63958.0,5
2017,2017046174,129916.0,2,1,64958.0,5
2017,2017050688,38484.6666666667,1,1,38484.6666666667,5
2017,2017012223,174224.666666667,2,1,87112.3333333335,5
2017,2017001366,67751.3333333333,2,1,33875.66666666665,5
2017,2017045394,89958.0,3,1,29986.0,5
2017,2017036024,89870.0,2,1,44935.0,5
2017,2017025421,40878.0,1,1,40878.0,5
2017,2017002202,29750.0,1,1,29750.0,5
2017,2017050865,33918.0,1,1,33918.0,5
2017,2017040235,63904.0,2,1,31952.0,5
2017,2017055391,143859.0,5,1,28771.8,5
2017,2017054501,54453.0,1,1,54453.0,5
2017,2017055201,118156.0,2,1,59078.0,5
2017,2017049218,79916.0,2,1,39958.0,5
2017,2017015349,57132.0,2,1,28566.0,5
2017,2017052238,109958.0,1,1,109958.0,5
2017,2017020907,90255.0,2,1,45127.5,5
2017,2017007228,117132.666666667,3,1,39044.222222222335,5
2017,2017035506,85156.0,3,1,28385.333333333332,5
2017,2017050671,62494.0,2,1,31247.0,5
2017,2017016601,147822.0,1,1,147822.0,5
2017,2017001971,279112.333333333,1,1,279112.333333333,5
2017,2017008260,67212.0,2,1,33606.0,5
2017,2017031022,124808.0,4,1,31202.0,5
2017,2017048399,56916.0,2,1,28458.0,5
2017,2017032703,54950.0,2,1,27475.0,5
2017,2017056779,133432.666666667,2,1,66716.3333333335,5
2017,2017047224,39958.0,1,1,39958.0,5
2017,2017002504,131756.0,2,1,65878.0,5
2017,2017008243,94585.0,1,1,94585.0,5
2017,2017034849,65904.0,2,1,32952.0,5
2017,2017013630,110907.0,3,1,36969.0,5
2017,2017004151,214506.0,2,1,107253.0,5
2017,2017009136,88756.0,2,1,44378.0,5
2017,2017046636,137006.0,2,1,68503.0,5
2017,2017002792,175808.0,2,1,87904.0,5
2017,2017023523,65644.0,2,1,32822.0,5
2017,2017000310,198616.0,5,1,39723.2,5
2017,2017016360,31878.0,1,1,31878.0,5
2017,2017034716,190135.833333333,4,1,47533.95833333325,5
2017,2017034694,214720.666666667,2,1,107360.3333333335,5
2017,2017008772,135337.0,3,1,45112.333333333336,5
2017,2017007975,64199.0,2,1,32099.5,5
2017,2017021908,64296.0,2,1,32148.0,5
2017,2017053127,79906.0,2,1,39953.0,5
2017,2017025227,61816.0,1,1,61816.0,5
2017,2017022529,61756.0,2,1,30878.0,5
2017,2017053716,124416.0,4,1,31104.0,5
2017,2017052647,84874.0,3,1,28291.333333333332,5
2017,2017018246,89000.0,1,1,89000.0,5
2017,2017013792,93596.0,1,1,93596.0,5
2017,2017037209,408880.666666667,5,1,81776.13333333339,5
2017,2017017560,484769.666666667,4,1,121192.41666666674,5
2017,2017056011,90859.0,3,1,30286.333333333332,5
2017,2017033182,81285.3333333333,1,1,81285.3333333333,5
2017,2017009840,109188.0,2,1,54594.0,5
2017,2017018443,111779.0,1,1,111779.0,5
2017,2017011374,59558.0,2,1,29779.0,5
2017,2017039196,50185.0,1,1,50185.0,5
2017,2017050805,62958.0,2,1,31479.0,5
2017,2017047096,227998.666666667,4,1,56999.66666666675,5
2017,2017024559,30000.0,1,1,30000.0,5
2017,2017013128,372916.0,4,1,93229.0,5
2017,2017021286,77310.6666666667,2,1,38655.33333333335,5
2017,2017020813,71834.0,2,1,35917.0,5
2017,2017053564,50000.0,1,1,50000.0,5
2017,2017033390,247522.666666667,3,1,82507.55555555566,5
2017,2017053513,141572.666666667,2,1,70786.3333333335,5
2017,2017035184,169108.0,4,1,42277.0,5
2017,2017030090,94554.0,2,1,47277.0,5
2017,2017016686,82794.6666666667,2,1,41397.33333333335,5
2017,2017009700,63317.0,2,1,31658.5,5
2017,2017025168,30538.0,1,1,30538.0,5
2017,2017007152,45778.0,1,1,45778.0,5
2017,2017026215,29822.0,1,1,29822.0,5
2017,2017050033,127239.333333333,2,1,63619.6666666665,5
2017,2017007936,54816.0,1,1,54816.0,5
2017,2017050059,170032.666666667,2,1,85016.3333333335,5
2017,2017007921,161044.0,4,1,40261.0,5
2017,2017003068,165634.0,3,1,55211.333333333336,5
2017,2017002240,28042.0,1,1,28042.0,5
2017,2017056229,51958.0,1,1,51958.0,5
2017,2017051107,57453.0,1,1,57453.0,5
2017,2017050183,108745.333333333,2,2,54372.6666666665,5
2017,2017039922,34854.0,1,3,34854.0,5
2017,2017035771,97014.0,3,3,32338.0,5
2017,2017030979,57356.0,2,3,28678.0,5
2017,2017037551,30657.0,1,3,30657.0,5
2017,2017038099,42664.0,1,3,42664.0,5
2017,2017015098,107346.0,3,3,35782.0,5
2017,2017016673,78564.0,2,3,39282.0,5
2017,2017007383,29129.0,1,3,29129.0,5
2017,2017002524,151340.0,4,3,37835.0,5
2017,2017004089,158878.0,4,3,39719.5,5
2017,2017051922,67912.0,2,3,33956.0,5
2017,2017052106,155868.0,3,3,51956.0,5
2017,2017000870,39829.0,1,3,39829.0,5
2017,2017013456,131374.0,2,3,65687.0,5
2017,2017013943,114018.0,4,3,28504.5,5
2017,2017031589,98702.0,3,3,32900.666666666664,5
2017,2017040879,104080.666666667,2,3,52040.3333333335,5
2017,2017050463,61956.0,1,3,61956.0,5
2017,2017039496,130738.5,4,3,32684.625,5
2017,2017008290,74782.0,1,3,74782.0,5
2017,2017035440,31854.0,1,3,31854.0,5
2017,2017017910,64024.0,2,4,32012.0,5
2017,2017021317,92634.0,3,5,30878.0,5
2017,2017032057,74014.0,2,5,37007.0,5
2017,2017039635,31801.0,1,5,31801.0,5
2017,2017022189,72172.0,2,5,36086.0,5
2017,2017017112,73450.0,2,6,36725.0,5
2017,2017008456,27755.0,1,6,27755.0,5
2017,2017051663,60764.0,2,7,30382.0,5
2017,2017013833,123647.333333333,2,7,61823.6666666665,5
2017,2017052807,46949.0,1,7,46949.0,5
2017,2017035142,86466.4166666667,3,8,28822.1388888889,5
2017,2017030216,135562.0,3,8,45187.333333333336,5
2017,2017005010,64672.0,2,9,32336.0,5
2017,2017017570,91005.0,3,9,30335.0,5
2017,2017049084,61956.0,1,10,61956.0,5
2017,2017026492,78208.0,2,10,39104.0,5
2017,2017039143,69508.0,2,10,34754.0,5
2017,2017011159,80592.0,2,10,40296.0,5
2017,2017004700,102564.0,2,10,51282.0,5
2017,2017038726,93208.0,2,10,46604.0,5
2017,2017043915,121824.0,4,10,30456.0,5
2017,2017037243,123867.833333333,3,10,41289.277777777665,5
2017,2017042692,64708.0,2,10,32354.0,5
2017,2017014829,57442.0,1,10,57442.0,5
2017,2017045359,43956.0,1,10,43956.0,5
2017,2017033751,58726.0,2,11,29363.0,5
2017,2017036090,45454.0,1,11,45454.0,5
2017,2017021298,79472.0,2,11,39736.0,5
2017,2017031449,31957.0,1,11,31957.0,5
2017,2017054707,28552.0,1,11,28552.0,5
2017,2017022497,133128.0,4,12,33282.0,5
2017,2017054431,31849.0,1,13,31849.0,5
2017,2017042022,41300.0,1,13,41300.0,5
2017,2017040485,85802.0,3,13,28600.666666666668,5
2017,2017022354,102145.333333333,2,13,51072.6666666665,5
2017,2017015534,90974.0,3,14,30324.666666666668,5
2017,2017051076,51396.0,1,14,51396.0,5
2017,2017047775,80898.0,2,14,40449.0,5
2017,2017034770,103545.333333333,3,14,34515.111111111,5
2017,2017008892,38812.0,1,15,38812.0,5
2017,2017012187,80472.0,1,16,80472.0,5
2017,2017023970,135411.0,1,16,135411.0,5
2017,2017012106,68670.0,2,16,34335.0,5
2017,2017001149,91405.0,3,16,30468.333333333332,5
2017,2017042815,107117.333333333,3,17,35705.777777777665,5
2017,2017040350,32676.0,1,17,32676.0,5
2017,2017003460,27829.0,1,17,27829.0,5
2017,2017041928,69708.0,2,18,34854.0,5
2017,2017033539,39901.0,1,18,39901.0,5
2017,2017021696,30000.0,1,19,30000.0,5
2018,2018001393,87058.0,1,1,87058.0,5
2018,2018004498,52021.0,1,1,52021.0,5
2018,2018009015,73084.0,2,1,36542.0,5
2018,2018025900,58838.0,1,1,58838.0,5
2018,2018008715,37054.0,1,1,37054.0,5
2018,2018030237,42054.0,1,1,42054.0,5
2018,2018021894,288052.0,4,1,72013.0,5
2018,2018041375,42777.0,1,1,42777.0,5
2018,2018014523,33958.0,1,1,33958.0,5
2018,2018000467,103013.0,1,1,103013.0,5
2018,2018035298,75198.0,2,1,37599.0,5
2018,2018034816,47968.0,1,1,47968.0,5
2018,2018020330,94042.0,2,1,47021.0,5
2018,2018021276,100054.0,1,1,100054.0,5
2018,2018000375,91892.6666666667,2,1,45946.33333333335,5
2018,2018018630,84084.0,2,1,42042.0,5
2018,2018021901,57814.0,1,1,57814.0,5
2018,2018056176,32021.0,1,1,32021.0,5
2018,2018008315,61084.0,2,1,30542.0,5
2018,2018042869,92142.0,2,1,46071.0,5
2018,2018010574,64021.0,1,1,64021.0,5
2018,2018030203,57848.0,2,1,28924.0,5
2018,2018022607,288536.666666667,5,1,57707.333333333394,5
2018,2018048366,382475.333333333,2,1,191237.6666666665,5
2018,2018000561,125496.333333333,3,1,41832.111111111,5
2018,2018007412,144727.0,4,1,36181.75,5
2018,2018052972,36024.0,1,1,36024.0,5
2018,2018007701,37958.0,1,1,37958.0,5
2018,2018055161,58042.0,1,1,58042.0,5
2018,2018010384,121823.333333333,3,1,40607.777777777665,5
2018,2018050478,50937.0,1,1,50937.0,5
2018,2018011001,29100.0,1,1,29100.0,5
2018,2018036156,70416.0,2,1,35208.0,5
2018,2018057129,230876.0,3,1,76958.66666666667,5
2018,2018049168,241396.0,4,1,60349.0,5
2018,2018052887,99108.0,2,1,49554.0,5
2018,2018019268,36238.0,1,1,36238.0,5
2018,2018056491,64054.0,1,1,64054.0,5
2018,2018014073,106042.0,2,1,53021.0,5
2018,2018023436,127832.0,4,1,31958.0,5
2018,2018025795,64108.0,2,1,32054.0,5
2018,2018038291,28071.0,1,1,28071.0,5
2018,2018053181,72848.0,2,1,36424.0,5
2018,2018000317,92836.8333333333,3,1,30945.6111111111,5
2018,2018001537,28238.0,1,1,28238.0,5
2018,2018017717,50893.0,1,1,50893.0,5
2018,2018037605,177670.666666667,4,1,44417.66666666675,5
2018,2018014114,63186.3333333333,1,1,63186.3333333333,5
2018,2018044639,124124.666666667,1,1,124124.666666667,5
2018,2018036116,96111.0,3,1,32037.0,5
2018,2018030977,153185.0,5,1,30637.0,5
2018,2018047792,44024.0,1,1,44024.0,5
2018,2018004310,64142.0,2,1,32071.0,5
2018,2018047043,163740.0,3,1,54580.0,5
2018,2018021471,56958.0,1,1,56958.0,5
2018,2018057195,52554.0,1,1,52554.0,5
2018,2018053972,30924.0,1,1,30924.0,5
2018,2018024300,41024.0,1,1,41024.0,5
2018,2018038744,140265.333333333,2,1,70132.6666666665,5
2018,2018003831,36024.0,1,1,36024.0,5
2018,2018028227,40865.0,1,1,40865.0,5
2018,2018037370,89074.0,2,1,44537.0,5
2018,2018005425,38624.0,1,1,38624.0,5
2018,2018031156,149818.0,4,1,37454.5,5
2018,2018004126,95108.0,2,1,47554.0,5
2018,2018045003,113213.0,3,1,37737.666666666664,5
2018,2018028546,127749.333333333,2,1,63874.6666666665,5
2018,2018040478,113926.666666667,3,1,37975.55555555567,5
2018,2018005983,152226.0,3,1,50742.0,5
2018,2018005690,134867.0,2,1,67433.5,5
2018,2018018525,127013.0,1,1,127013.0,5
2018,2018044127,204851.0,2,1,102425.5,5
2018,2018001072,77400.3333333333,2,1,38700.16666666665,5
2018,2018038584,248512.666666667,4,1,62128.16666666675,5
2018,2018001707,72548.0,2,1,36274.0,5
2018,2018034173,91458.0,1,1,91458.0,5
2018,2018016162,103210.0,3,1,34403.333333333336,5
2018,2018018696,111471.0,3,1,37157.0,5
2018,2018030086,173214.666666667,2,1,86607.3333333335,5
2018,2018057867,113789.0,3,1,37929.666666666664,5
2018,2018016647,30000.0,1,1,30000.0,5
2018,2018019814,110084.0,2,1,55042.0,5
2018,2018022504,136751.333333333,1,1,136751.333333333,5
2018,2018030898,218952.0,4,1,54738.0,5
2018,2018050086,82208.6666666667,1,1,82208.6666666667,5
2018,2018051911,36013.0,1,1,36013.0,5
2018,2018044686,156237.666666667,1,1,156237.666666667,5
2018,2018045208,69026.0,2,1,34513.0,5
2018,2018050175,71034.0,2,2,35517.0,5
2018,2018027201,113766.666666667,2,3,56883.3333333335,5
2018,2018004029,60005.0,1,3,60005.0,5
2018,2018044223,39740.0,1,3,39740.0,5
2018,2018014845,89881.3333333333,2,3,44940.66666666665,5
2018,2018029871,140266.666666667,4,3,35066.66666666675,5
2018,2018014023,63482.0,2,3,31741.0,5
2018,2018053672,215483.333333333,3,3,71827.77777777766,5
2018,2018055683,85188.0,2,3,42594.0,5
2018,2018015282,99026.0,2,3,49513.0,5
2018,2018024889,153782.0,2,3,76891.0,5
2018,2018017879,120800.0,4,3,30200.0,5
2018,2018044436,59992.6666666667,2,5,29996.33333333335,5
2018,2018057175,77017.0,1,5,77017.0,5
2018,2018011837,28050.0,1,5,28050.0,5
2018,2018020338,47005.0,1,5,47005.0,5
2018,2018023712,153909.0,2,6,76954.5,5
2018,2018037463,33156.0,1,7,33156.0,5
2018,2018054991,141233.333333333,1,8,141233.333333333,5
2018,2018004707,116092.0,3,8,38697.333333333336,5
2018,2018044644,69200.0,2,8,34600.0,5
2018,2018010317,56010.0,2,8,28005.0,5
2018,2018027550,29546.0,1,9,29546.0,5
2018,2018027040,99735.0,3,9,33245.0,5
2018,2018054503,63050.0,2,9,31525.0,5
2018,2018044265,115745.333333333,2,10,57872.6666666665,5
2018,2018006086,59100.0,2,10,29550.0,5
2018,2018008007,46024.0,1,10,46024.0,5
2018,2018003068,70505.0,2,10,35252.5,5
2018,2018000604,343027.333333333,4,10,85756.83333333326,5
2018,2018021755,70632.0,2,10,35316.0,5
2018,2018038610,64100.0,2,10,32050.0,5
2018,2018047848,146407.333333333,4,10,36601.83333333325,5
2018,2018045060,236070.0,2,10,118035.0,5
2018,2018016469,58712.0,2,10,29356.0,5
2018,2018015021,32546.0,1,11,32546.0,5
2018,2018002100,246845.0,3,11,82281.66666666667,5
2018,2018012798,43050.0,1,11,43050.0,5
2018,2018043536,134653.333333333,2,11,67326.6666666665,5
2018,2018049956,72848.0,2,13,36424.0,5
2018,2018031396,85918.0,3,14,28639.333333333332,5
2018,2018038672,64956.0,1,14,64956.0,5
2018,2018036179,59092.0,2,14,29546.0,5
2018,2018012256,120685.5,4,15,30171.375,5
2018,2018045190,357072.0,5,15,71414.4,5
2018,2018025429,151039.0,3,15,50346.333333333336,5
2018,2018040751,100675.0,3,16,33558.333333333336,5
2018,2018044250,102051.0,3,16,34017.0,5
2018,2018053473,144988.0,2,16,72494.0,5
2018,2018036782,75719.6666666667,2,17,37859.83333333335,5
2018,2018033562,158180.0,4,17,39545.0,5
2018,2018012562,28645.0,1,17,28645.0,5
2018,2018032919,69100.0,2,18,34550.0,5
2018,2018009071,86908.3333333333,3,18,28969.444444444434,5
2018,2018054274,88328.5,3,19,29442.833333333332,5
2019,2019001914,120761.333333333,2,1,60380.6666666665,5
2019,2019041207,345897.0,7,1,49413.857142857145,5
2019,2019038141,75118.0,1,1,75118.0,5
2019,2019013604,293524.0,2,1,146762.0,5
2019,2019013098,93567.0,3,1,31189.0,5
2019,2019016023,73328.0,2,1,36664.0,5
2019,2019030942,222193.0,4,1,55548.25,5
2019,2019027262,99864.0,3,1,33288.0,5
2019,2019046615,197659.333333333,2,1,98829.6666666665,5
2019,2019003865,68977.3333333333,2,1,34488.66666666665,5
2019,2019039504,173542.0,3,1,57847.333333333336,5
2019,2019054801,80576.0,2,1,40288.0,5
2019,2019056243,69681.3333333333,1,1,69681.3333333333,5
2019,2019010756,144167.333333333,4,1,36041.83333333325,5
2019,2019001553,86940.0,2,1,43470.0,5
2019,2019023640,62724.0,2,1,31362.0,5
2019,2019051752,93452.6666666667,3,1,31150.8888888889,5
2019,2019047035,284304.0,4,1,71076.0,5
2019,2019046716,42288.0,1,1,42288.0,5
2019,2019005540,111380.666666667,1,1,111380.666666667,5
2019,2019011945,104360.0,2,1,52180.0,5
2019,2019014474,38671.0,1,1,38671.0,5
2019,2019012827,59220.0,1,1,59220.0,5
2019,2019019260,112560.666666667,2,1,56280.3333333335,5
2019,2019057082,80236.0,2,1,40118.0,5
2019,2019014700,53220.0,1,1,53220.0,5
2019,2019006079,266273.333333333,3,1,88757.77777777768,5
2019,2019016247,152773.333333333,5,1,30554.6666666666,5
2019,2019037696,63451.0,1,1,63451.0,5
2019,2019028645,42214.0,1,1,42214.0,5
2019,2019021289,83489.0,2,1,41744.5,5
2019,2019032578,87144.0,3,1,29048.0,5
2019,2019048711,211684.0,2,1,105842.0,5
2019,2019050248,94329.0,3,1,31443.0,5
2019,2019057088,39288.0,1,1,39288.0,5
2019,2019056863,66000.0,2,1,33000.0,5
2019,2019036407,103118.0,1,1,103118.0,5
2019,2019040221,74494.0,1,1,74494.0,5
2019,2019035564,50543.0,1,1,50543.0,5
2019,2019008946,194378.0,2,1,97189.0,5
2019,2019015276,490756.0,5,1,98151.2,5
2019,2019020035,102313.0,3,1,34104.333333333336,5
2019,2019009442,57288.0,1,1,57288.0,5
2019,2019043046,114428.0,2,1,57214.0,5
2019,2019012753,324152.0,4,1,81038.0,5
2019,2019054744,57271.0,1,1,57271.0,5
2019,2019027749,150925.333333333,2,1,75462.6666666665,5
2019,2019048419,130553.333333333,1,1,130553.333333333,5
2019,2019024345,32771.0,1,1,32771.0,5
2019,2019044776,99489.0,3,1,33163.0,5
2019,2019050849,206208.666666667,3,1,68736.22222222234,5
2019,2019007888,238126.0,6,1,39687.666666666664,5
2019,2019045855,143125.333333333,2,1,71562.6666666665,5
2019,2019031801,52197.0,1,1,52197.0,5
2019,2019040477,32540.0,1,1,32540.0,5
2019,2019010939,58360.0,2,1,29180.0,5
2019,2019017465,47197.0,1,1,47197.0,5
2019,2019028890,99873.3333333333,3,1,33291.1111111111,5
2019,2019042124,42437.6666666667,1,1,42437.6666666667,5
2019,2019038724,167866.0,3,1,55955.333333333336,5
2019,2019023951,60194.0,2,1,30097.0,5
2019,2019037203,72189.0,1,1,72189.0,5
2019,2019000618,85579.0,1,1,85579.0,5
2019,2019046785,67542.0,2,1,33771.0,5
2019,2019030357,31862.0,1,1,31862.0,5
2019,2019038171,109660.0,3,1,36553.333333333336,5
2019,2019049409,137554.0,3,1,45851.333333333336,5
2019,2019029683,77542.0,2,1,38771.0,5
2019,2019051716,50288.0,1,1,50288.0,5
2019,2019039592,88742.6666666667,2,1,44371.33333333335,5
2019,2019016157,100106.0,2,1,50053.0,5
2019,2019004832,40262.0,1,1,40262.0,5
2019,2019048000,96018.0,1,1,96018.0,5
2019,2019029535,104547.333333333,1,1,104547.333333333,5
2019,2019055809,57395.0,1,1,57395.0,5
2019,2019001117,48288.0,1,1,48288.0,5
2019,2019049680,329048.666666667,3,1,109682.88888888899,5
2019,2019003251,47339.0,1,1,47339.0,5
2019,2019003479,225020.666666667,3,1,75006.888888889,5
2019,2019036612,36180.0,1,1,36180.0,5
2019,2019011020,152542.0,2,1,76271.0,5
2019,2019034823,40189.0,1,1,40189.0,5
2019,2019051488,31197.0,1,1,31197.0,5
2019,2019012982,64386.0,2,1,32193.0,5
2019,2019050824,190388.0,1,1,190388.0,5
2019,2019047237,195992.666666667,2,1,97996.3333333335,5
2019,2019043483,58271.0,2,1,29135.5,5
2019,2019026279,90967.0,3,1,30322.333333333332,5
2019,2019054102,30288.0,1,1,30288.0,5
2019,2019013352,105894.0,3,1,35298.0,5
2019,2019007834,66193.0,2,1,33096.5,5
2019,2019038973,64378.0,2,1,32189.0,5
2019,2019037439,98910.0,2,2,49455.0,5
2019,2019035481,68054.0,2,2,34027.0,5
2019,2019046943,93450.0,2,3,46725.0,5
2019,2019004396,33247.0,1,3,33247.0,5
2019,2019015414,28517.0,1,3,28517.0,5
2019,2019002732,40621.0,1,3,40621.0,5
2019,2019034710,59151.0,1,3,59151.0,5
2019,2019052919,94614.0,3,3,31538.0,5
2019,2019005785,34951.0,1,3,34951.0,5
2019,2019030959,89000.0,2,3,44500.0,5
2019,2019011269,46951.0,1,3,46951.0,5
2019,2019013156,142889.0,3,3,47629.666666666664,5
2019,2019041837,29017.0,1,3,29017.0,5
2019,2019010459,58517.0,2,3,29258.5,5
2019,2019029769,60476.0,2,3,30238.0,5
2019,2019039722,87729.0,3,3,29243.0,5
2019,2019021269,84094.0,2,3,42047.0,5
2019,2019052934,138017.0,4,3,34504.25,5
2019,2019026904,69902.0,2,3,34951.0,5
2019,2019041177,76554.0,2,3,38277.0,5
2019,2019042356,186840.0,4,3,46710.0,5
2019,2019020640,114684.0,2,3,57342.0,5
2019,2019047848,39027.0,1,5,39027.0,5
2019,2019004251,101621.0,3,5,33873.666666666664,5
2019,2019013302,45121.0,1,5,45121.0,5
2019,2019009347,117410.0,2,5,58705.0,5
2019,2019018054,42027.0,1,5,42027.0,5
2019,2019037497,64242.0,2,5,32121.0,5
2019,2019018280,172629.666666667,2,5,86314.8333333335,5
2019,2019023814,72854.0,2,6,36427.0,5
2019,2019015924,69121.0,1,7,69121.0,5
2019,2019053760,39632.0,1,8,39632.0,5
2019,2019030371,42263.0,1,8,42263.0,5
2019,2019039134,148517.333333333,4,8,37129.33333333325,5
2019,2019004558,183637.333333333,2,9,91818.6666666665,5
2019,2019004827,52451.0,1,9,52451.0,5
2019,2019044974,51963.0,1,9,51963.0,5
2019,2019037156,33017.0,1,10,33017.0,5
2019,2019032080,101951.0,2,10,50975.5,5
2019,2019037790,80032.0,1,10,80032.0,5
2019,2019022535,48121.0,1,10,48121.0,5
2019,2019020051,27763.0,1,10,27763.0,5
2019,2019044818,59104.0,2,10,29552.0,5
2019,2019004419,136696.333333333,3,10,45565.44444444433,5
2019,2019044537,34017.0,1,10,34017.0,5
2019,2019041895,32032.0,1,10,32032.0,5
2019,2019018707,32732.0,1,11,32732.0,5
2019,2019028990,356484.666666667,4,11,89121.16666666674,5
2019,2019048168,102686.0,3,11,34228.666666666664,5
2019,2019026715,59075.75,2,12,29537.875,5
2019,2019003305,101242.0,2,12,50621.0,5
2019,2019038746,32963.0,1,12,32963.0,5
2019,2019042685,46963.0,1,13,46963.0,5
2019,2019016234,28017.0,1,13,28017.0,5
2019,2019017815,98902.0,2,13,49451.0,5
2019,2019028801,109064.0,2,13,54532.0,5
2019,2019055154,98034.0,2,13,49017.0,5
2019,2019027313,118342.666666667,2,13,59171.3333333335,5
2019,2019007968,59632.0,1,14,59632.0,5
2019,2019024359,75568.6666666667,2,14,37784.33333333335,5
2019,2019029475,71326.0,2,14,35663.0,5
2019,2019022015,74261.0,1,15,74261.0,5
2019,2019056874,173642.0,2,15,86821.0,5
2019,2019038996,64064.0,2,15,32032.0,5
2019,2019021815,62502.0,2,15,31251.0,5
2019,2019031920,136021.0,2,15,68010.5,5
2019,2019019815,176353.0,3,15,58784.333333333336,5
2019,2019010532,38233.3333333333,1,15,38233.3333333333,5
2019,2019032851,91853.0,3,16,30617.666666666668,5
2019,2019003696,82527.0,1,17,82527.0,5
2019,2019006016,46460.0,1,17,46460.0,5
2019,2019007460,46951.0,1,17,46951.0,5
2019,2019042817,60203.3333333333,2,18,30101.66666666665,5
2019,2019056747,29960.0,1,18,29960.0,5
2019,2019033375,34427.0,1,19,34427.0,5
